SEXO,insecurity_score
Men,1.3993924620080203
Women,1.5035567802325853
