quarter,insecurity_score
2025_Q1,1.4371433843827894
2025_Q2,1.4630440352220908
2025_Q3,1.4584078969923333
2025_Q4,1.4687368340484552
